site	GRCh38_coordinates	ref
1	chr22:33761476	T
2	chr22:33761475	A
3	chr22:33761474	C
4	chr22:33761473	G
5	chr22:33761472	A
6	chr22:33761471	C
7	chr22:33761470	C
8	chr22:33761469	C
9	chr22:33761468	T
10	chr22:33761467	T
11	chr22:33761466	A
12	chr22:33761465	G
13	chr22:33761464	A
14	chr22:33761463	C
15	chr22:33761462	G
16	chr22:33761461	T
17	chr22:33761460	C
18	chr22:33761459	C
19	chr22:33761458	C
20	chr22:33761457	C
21	chr22:33761456	C
22	chr22:33761455	T
23	chr22:33761454	C
24	chr22:33761453	T
25	chr22:33761452	G
26	chr22:33761451	C
27	chr22:33761450	C
28	chr22:33761449	T
29	chr22:33761448	T
30	chr22:33761447	T
31	chr22:33761446	A
32	chr22:33761445	A
33	chr22:33761444	G
34	chr22:33761443	A
35	chr22:33761442	A
36	chr22:33761441	C
37	chr22:33761440	C
38	chr22:33761439	G
39	chr22:33761438	A
40	chr22:33761437	C
41	chr22:33761436	G
42	chr22:33761435	G
43	chr22:33761434	A
44	chr22:33761433	G
45	chr22:33761432	C
46	chr22:33761431	A
47	chr22:33761430	A
48	chr22:33761429	C
49	chr22:33761428	T
50	chr22:33761427	C
51	chr22:33761426	A
52	chr22:33761425	G
53	chr22:33761424	A
54	chr22:33761423	A
55	chr22:33761422	G
56	chr22:33761421	A
57	chr22:33761420	G
58	chr22:33761419	A
59	chr22:33761418	C
60	chr22:33761417	G
61	chr22:33761416	T
62	chr22:33761415	A
63	chr22:33761414	G
64	chr22:33761413	G
65	chr22:33761412	G
66	chr22:33761411	T
67	chr22:33761410	C
68	chr22:33761409	G
69	chr22:33761408	G
70	chr22:33761407	T
71	chr22:33761406	A
72	chr22:33761405	G
73	chr22:33761404	T
74	chr22:33761403	G
75	chr22:33761402	G
76	chr22:33761401	A
77	chr22:33761400	C
78	chr22:33761399	C
79	chr22:33761398	T
80	chr22:33761397	A
81	chr22:33761396	A
82	chr22:33761395	A
83	chr22:33761394	T
84	chr22:33761393	G
85	chr22:33761392	G
86	chr22:33761391	A
87	chr22:33761390	C
88	chr22:33761389	A
89	chr22:33761388	A
90	chr22:33761387	A
91	chr22:33761386	A
92	chr22:33761385	G
93	chr22:33761384	A
94	chr22:33761383	C
95	chr22:33761382	C
96	chr22:33761381	C
97	chr22:33761380	T
98	chr22:33761379	C
99	chr22:33761378	G
100	chr22:33761377	A
101	chr22:33761376	A
102	chr22:33761375	G
103	chr22:33761374	C
104	chr22:33761373	T
105	chr22:33761372	T
106	chr22:33761371	C
107	chr22:33650668	T
108	chr22:33650667	A
109	chr22:33650666	C
110	chr22:33650665	C
111	chr22:33650664	T
112	chr22:33650663	T
113	chr22:33650662	T
114	chr22:33650661	C
115	chr22:33650660	G
116	chr22:33650659	G
117	chr22:33650658	G
118	chr22:33650657	C
119	chr22:33650656	A
120	chr22:33650655	C
121	chr22:33650654	A
122	chr22:33650653	G
123	chr22:33650652	A
124	chr22:33650651	G
125	chr22:33650650	A
126	chr22:33650649	C
127	chr22:33650648	A
128	chr22:33650647	G
129	chr22:33650646	T
130	chr22:33650645	G
131	chr22:33650644	G
132	chr22:33650643	C
133	chr22:33650642	G
134	chr22:33650641	A
135	chr22:33650640	C
136	chr22:33650639	C
137	chr22:33650638	T
138	chr22:33650637	C
139	chr22:33650636	A
140	chr22:33650635	G
141	chr22:33650634	G
142	chr22:33650633	G
143	chr22:33650632	T
144	chr22:33650631	C
145	chr22:33650630	C
146	chr22:33650629	G
147	chr22:33650628	T
148	chr22:33650627	G
149	chr22:33650626	T
150	chr22:33650625	G
151	chr22:33650624	T
152	chr22:33650623	C
153	chr22:33650622	G
154	chr22:33650621	G
155	chr22:33650620	G
156	chr22:33650619	G
157	chr22:33650618	T
158	chr22:33650617	C
159	chr22:33650616	C
160	chr22:33650615	A
161	chr22:33650614	T
162	chr22:33650613	G
163	chr22:33650612	T
164	chr22:33650611	G
165	chr22:33650610	C
166	chr22:33650609	C
167	chr22:33650608	G
168	chr22:33650607	G
169	chr22:33650606	A
170	chr22:33650605	G
171	chr22:33650604	G
172	chr22:33650603	T
173	chr22:33650602	C
174	chr22:33650601	G
175	chr22:33650600	G
176	chr22:33650599	T
177	chr22:33650598	C
178	chr22:33650597	G
179	chr22:33650596	C
180	chr22:33650595	C
181	chr22:33650594	C
182	chr22:33650593	T
183	chr22:33650592	C
184	chr22:33650591	G
185	chr22:33650590	C
186	chr22:33650589	G
187	chr22:33650588	C
188	chr22:33650587	T
189	chr22:33650586	C
190	chr22:33650585	T
191	chr22:33650584	C
192	chr22:33650583	G
193	chr22:33650582	G
194	chr22:33650581	A
195	chr22:33650580	C
196	chr22:33650579	C
197	chr22:33650578	T
198	chr22:33650577	C
199	chr22:33650576	C
200	chr22:33650575	A
201	chr22:33650574	C
202	chr22:33650573	G
203	chr22:33650572	C
204	chr22:33650571	G
205	chr22:33650570	T
206	chr22:33650569	A
207	chr22:33650568	C
208	chr22:33650567	G
209	chr22:33650566	C
210	chr22:33650565	G
211	chr22:33650564	C
212	chr22:33650563	T
213	chr22:33650562	C
214	chr22:33650561	C
215	chr22:33650560	A
216	chr22:33650559	C
217	chr22:33650558	C
218	chr22:33650557	T
219	chr22:33650556	C
220	chr22:33650555	C
221	chr22:33650554	T
222	chr22:33650553	C
223	chr22:33650552	C
224	chr22:33650551	T
225	chr22:33650550	C
226	chr22:33650549	T
227	chr22:33650548	T
228	chr22:33650547	G
229	chr22:33650546	G
230	chr22:33650545	C
231	chr22:33650544	G
232	chr22:33650543	C
233	chr22:33650542	G
234	chr22:33650541	G
235	chr22:33650540	G
236	chr22:33650539	A
237	chr22:33650538	G
238	chr22:33650537	G
239	chr22:33650536	C
240	chr22:33650535	G
241	chr22:33650534	T
242	chr22:33650533	C
243	chr22:33650532	C
244	chr22:33650531	G
245	chr22:33650530	T
246	chr22:33650529	C
247	chr22:33650528	G
248	chr22:33650527	A
249	chr22:33650526	G
250	chr22:33650525	T
251	chr22:33650524	C
252	chr22:33650523	G
253	chr22:33650522	G
254	chr22:33650521	A
255	chr22:33650520	C
256	chr22:33650519	C
257	chr22:33650518	G
258	chr22:33650517	G
259	chr22:33650516	G
260	chr22:33650515	T
261	chr22:33650514	C
262	chr22:33650513	C
263	chr22:33650512	C
264	chr22:33650511	G
265	chr22:33650510	G
266	chr22:33650509	C
267	chr22:33650508	T
268	chr22:33650507	C
269	chr22:33650506	G
270	chr22:33650505	G
271	chr22:33650504	G
272	chr22:33650503	G
273	chr22:33650502	T
274	chr22:33650501	A
275	chr22:33650500	G
276	chr22:33650499	G
277	chr22:33650498	G
278	chr22:33650497	T
279	chr22:33650496	A
280	chr22:33650495	G
281	chr22:33650494	C
282	chr22:33650493	G
283	chr22:33650492	G
284	chr22:33650491	C
285	chr22:33650490	T
286	chr22:33650489	C
287	chr22:33650488	C
288	chr22:33650487	G
289	chr22:33650486	T
290	chr22:33650485	T
291	chr22:33650484	G
292	chr22:33650483	G
293	chr22:33650482	T
294	chr22:33650481	G
295	chr22:33650480	A
296	chr22:33650479	G
297	chr22:33650478	G
298	chr22:33650477	T
299	chr22:33650476	T
300	chr22:33650475	C
301	chr22:33650474	T
302	chr22:33650473	G
303	chr22:33650472	G
304	chr22:33650471	A
305	chr22:33650470	T
306	chr22:33650469	G
307	chr22:33650468	A
308	chr22:33650467	G
309	chr22:33650466	G
310	chr22:33650465	T
311	chr22:33650464	A
312	chr22:33650463	C
313	chr22:33650462	C
314	chr22:33650461	T
315	chr22:33650460	C
316	chr22:33650459	C
317	chr22:33650458	T
318	chr22:33650457	C
319	chr22:33650456	C
320	chr22:33650455	C
321	chr22:33650454	G
322	chr22:33650453	T
323	chr22:33650452	G
324	chr22:33650451	A
325	chr22:33650450	C
326	chr22:33650449	C
327	chr22:33650448	T
328	chr22:33650447	C
329	chr22:33650446	T
330	chr22:33650445	G
331	chr22:33650444	T
332	chr22:33650443	C
333	chr22:33650442	G
334	chr22:33650441	C
335	chr22:33650440	T
336	chr22:33650439	C
337	chr22:33650438	T
338	chr22:33650437	T
339	chr22:33650436	G
340	chr22:33650435	G
341	chr22:33650434	A
342	chr22:33650433	A
343	chr22:33650432	G
344	chr22:33650431	C
345	chr22:33650430	C
346	chr22:33650429	C
347	chr22:33650428	G
348	chr22:33650427	A
349	chr22:33650426	C
350	chr22:33650425	C
351	chr22:33650424	G
352	chr22:33650423	T
353	chr22:33650422	A
354	chr22:33650421	G
355	chr22:33650420	C
356	chr22:33650419	A
357	chr22:33650418	C
358	chr22:33650417	C
359	chr22:33650416	G
360	chr22:33650415	T
361	chr22:33650414	C
362	chr22:33650413	C
363	chr22:33650412	G
364	chr22:33650411	T
365	chr22:33650410	T
366	chr22:33650409	G
367	chr22:33650408	T
368	chr22:33650407	C
369	chr22:33650406	G
370	chr22:33650405	A
371	chr22:33650404	G
372	chr22:33650403	G
373	chr22:33650402	C
374	chr22:33650401	T
375	chr22:33650400	C
376	chr22:33650399	A
377	chr22:33650398	C
378	chr22:33650397	A
379	chr22:33650396	C
380	chr22:33650395	C
381	chr22:33650394	C
382	chr22:33650393	G
383	chr22:33650392	T
384	chr22:33650391	C
385	chr22:33650390	G
386	chr22:33650389	T
387	chr22:33650388	C
388	chr22:33650387	G
389	chr22:33650386	G
390	chr22:33650385	C
391	chr22:33650384	C
392	chr22:33650383	A
393	chr22:33650382	G
394	chr22:33650381	C
395	chr22:33650380	A
396	chr22:33650379	C
397	chr22:33650378	C
398	chr22:33650377	T
399	chr22:33650376	C
400	chr22:33650375	T
401	chr22:33650374	T
402	chr22:33650373	T
403	chr22:33650372	A
404	chr22:33650371	C
405	chr22:33650370	G
406	chr22:33650369	C
407	chr22:33650368	T
408	chr22:33650367	C
409	chr22:33626326	T
410	chr22:33626325	G
411	chr22:33626324	T
412	chr22:33626323	T
413	chr22:33626322	A
414	chr22:33626321	G
415	chr22:33626320	G
416	chr22:33626319	T
417	chr22:33626318	G
418	chr22:33626317	C
419	chr22:33626316	A
420	chr22:33626315	A
421	chr22:33626314	C
422	chr22:33626313	G
423	chr22:33626312	A
424	chr22:33626311	T
425	chr22:33626310	A
426	chr22:33626309	A
427	chr22:33626308	C
428	chr22:33626307	A
429	chr22:33626306	G
430	chr22:33626305	A
431	chr22:33626304	C
432	chr22:33626303	G
433	chr22:33626302	C
434	chr22:33626301	G
435	chr22:33626300	G
436	chr22:33626299	C
437	chr22:33626298	C
438	chr22:33626297	T
439	chr22:33626296	A
440	chr22:33626295	T
441	chr22:33626294	G
442	chr22:33626293	T
443	chr22:33626292	T
444	chr22:33626291	A
445	chr22:33626290	C
446	chr22:33626289	G
447	chr22:33626288	G
448	chr22:33626287	T
449	chr22:33626286	C
450	chr22:33626285	G
451	chr22:33626284	G
452	chr22:33626283	C
453	chr22:33626282	C
454	chr22:33626281	C
455	chr22:33626280	T
456	chr22:33626279	A
457	chr22:33626278	C
458	chr22:33626277	A
459	chr22:33626276	G
460	chr22:33626275	C
461	chr22:33626274	A
462	chr22:33626273	G
463	chr22:33626272	T
464	chr22:33626271	G
465	chr22:33626270	G
466	chr22:33626269	G
467	chr22:33626268	A
468	chr22:33626267	C
469	chr22:33626266	C
470	chr22:33626265	A
471	chr22:33626264	G
472	chr22:33626263	T
473	chr22:33626262	T
474	chr22:33626261	T
475	chr22:33626260	A
476	chr22:33626259	G
477	chr22:33626258	G
478	chr22:33626257	C
479	chr22:33626256	A
480	chr22:33626255	G
481	chr22:33626254	G
482	chr22:33626253	A
483	chr22:33626252	C
484	chr22:33626251	A
485	chr22:33626250	A
486	chr22:33626249	G
487	chr22:33626248	G
488	chr22:33626247	T
489	chr22:33626246	A
490	chr22:33626245	T
491	chr22:33626244	C
492	chr22:33604558	T
493	chr22:33604557	G
494	chr22:33604556	C
495	chr22:33604555	C
496	chr22:33604554	T
497	chr22:33604553	T
498	chr22:33604552	G
499	chr22:33604551	G
500	chr22:33604550	G
501	chr22:33604549	A
502	chr22:33604548	G
503	chr22:33604547	A
504	chr22:33604546	C
505	chr22:33604545	G
506	chr22:33604544	T
507	chr22:33604543	G
508	chr22:33604542	A
509	chr22:33604541	A
510	chr22:33604540	G
511	chr22:33604539	G
512	chr22:33604538	T
513	chr22:33604537	G
514	chr22:33604536	G
515	chr22:33604535	A
516	chr22:33604534	A
517	chr22:33604533	T
518	chr22:33604532	A
519	chr22:33604531	A
520	chr22:33604530	C
521	chr22:33604529	G
522	chr22:33604528	A
523	chr22:33604527	C
524	chr22:33604526	T
525	chr22:33604525	G
526	chr22:33604524	A
527	chr22:33604523	G
528	chr22:33604522	G
529	chr22:33604521	T
530	chr22:33604520	A
531	chr22:33604519	A
532	chr22:33604518	C
533	chr22:33604517	G
534	chr22:33604516	C
535	chr22:33604515	C
536	chr22:33604514	T
537	chr22:33604513	C
538	chr22:33604512	G
539	chr22:33604511	T
540	chr22:33604510	C
541	chr22:33604509	T
542	chr22:33604508	A
543	chr22:33604507	G
544	chr22:33604506	G
545	chr22:33604505	A
546	chr22:33604504	C
547	chr22:33604503	C
548	chr22:33604502	G
549	chr22:33604501	G
550	chr22:33604500	T
551	chr22:33604499	G
552	chr22:33604498	C
553	chr22:33604497	G
554	chr22:33604496	A
555	chr22:33604495	G
556	chr22:33604494	A
557	chr22:33604493	A
558	chr22:33604492	G
559	chr22:33604491	G
560	chr22:33604490	T
561	chr22:33604489	C
562	chr22:33604488	T
563	chr22:33604487	G
564	chr22:33604486	G
565	chr22:33604485	A
566	chr22:33604484	C
567	chr22:33604483	C
568	chr22:33604482	T
569	chr22:33604481	A
570	chr22:33604480	C
571	chr22:33604479	C
572	chr22:33604478	A
573	chr22:33604477	C
574	chr22:33604476	G
575	chr22:33604475	G
576	chr22:33604474	G
577	chr22:33604473	C
578	chr22:33604472	G
579	chr22:33604471	A
580	chr22:33604470	C
581	chr22:33604469	A
582	chr22:33604468	C
583	chr22:33604467	G
584	chr22:33604466	C
585	chr22:33604465	A
586	chr22:33604464	C
587	chr22:33604463	A
588	chr22:33604462	C
589	chr22:33604461	C
590	chr22:33604460	T
591	chr22:33604459	G
592	chr22:33604458	A
593	chr22:33604457	A
594	chr22:33604456	G
595	chr22:33604455	A
596	chr22:33604454	T
597	chr22:33604453	G
598	chr22:33604452	T
599	chr22:33604451	T
600	chr22:33604450	A
601	chr22:33604449	C
602	chr22:33604448	G
603	chr22:33604447	T
604	chr22:33604446	C
605	chr22:33604445	T
606	chr22:33604444	G
607	chr22:33604443	C
608	chr22:33604442	T
609	chr22:33604441	C
610	chr22:33604440	G
611	chr22:33604439	A
612	chr22:33604438	G
613	chr22:33604437	T
614	chr22:33604436	T
615	chr22:33604435	C
616	chr22:33565019	A
617	chr22:33565018	G
618	chr22:33565017	A
619	chr22:33565016	C
620	chr22:33565015	T
621	chr22:33565014	T
622	chr22:33565013	C
623	chr22:33565012	A
624	chr22:33565011	A
625	chr22:33565010	A
626	chr22:33565009	G
627	chr22:33565008	G
628	chr22:33565007	A
629	chr22:33565006	C
630	chr22:33565005	C
631	chr22:33565004	T
632	chr22:33565003	A
633	chr22:33565002	G
634	chr22:33565001	G
635	chr22:33565000	G
636	chr22:33564999	G
637	chr22:33564998	T
638	chr22:33564997	T
639	chr22:33564996	A
640	chr22:33564995	T
641	chr22:33564994	T
642	chr22:33564993	T
643	chr22:33564992	G
644	chr22:33564991	T
645	chr22:33564990	A
646	chr22:33564989	A
647	chr22:33564988	T
648	chr22:33564987	G
649	chr22:33564986	A
650	chr22:33564985	G
651	chr22:33564984	A
652	chr22:33564983	C
653	chr22:33564982	C
654	chr22:33564981	C
655	chr22:33564980	T
656	chr22:33564979	A
657	chr22:33564978	A
658	chr22:33564977	A
659	chr22:33564976	T
660	chr22:33564975	A
661	chr22:33564974	C
662	chr22:33564973	C
663	chr22:33564972	A
664	chr22:33564971	G
665	chr22:33564970	A
666	chr22:33564969	C
667	chr22:33564968	T
668	chr22:33564967	A
669	chr22:33564966	C
670	chr22:33564965	T
671	chr22:33564964	T
672	chr22:33564963	C
673	chr22:33564962	G
674	chr22:33564961	A
675	chr22:33564960	A
676	chr22:33564959	C
677	chr22:33564958	A
678	chr22:33564957	G
679	chr22:33564956	G
680	chr22:33564955	A
681	chr22:33564954	C
682	chr22:33564953	T
683	chr22:33564952	G
684	chr22:33564951	G
685	chr22:33564950	T
686	chr22:33564949	T
687	chr22:33564948	C
688	chr22:33564947	T
689	chr22:33564946	G
690	chr22:33564945	A
691	chr22:33564944	G
692	chr22:33564943	A
693	chr22:33564942	A
694	chr22:33564941	G
695	chr22:33564940	G
696	chr22:33564939	A
697	chr22:33564938	C
698	chr22:33564937	G
699	chr22:33564936	G
700	chr22:33564935	T
701	chr22:33564934	T
702	chr22:33564933	G
703	chr22:33564932	G
704	chr22:33564931	A
705	chr22:33564930	C
706	chr22:33564929	C
707	chr22:33564928	T
708	chr22:33564927	C
709	chr22:33564926	T
710	chr22:33564925	C
711	chr22:33564924	T
712	chr22:33564923	C
713	chr22:33564922	A
714	chr22:33564921	G
715	chr22:33564920	T
716	chr22:33564919	A
717	chr22:33564918	G
718	chr22:33564917	C
719	chr22:33564916	A
720	chr22:33564915	G
721	chr22:33564914	G
722	chr22:33564913	A
723	chr22:33564912	A
724	chr22:33564911	C
725	chr22:33564910	T
726	chr22:33564909	G
727	chr22:33564908	T
728	chr22:33564907	G
729	chr22:33564906	C
730	chr22:33564905	C
731	chr22:33564904	T
732	chr22:33564903	A
733	chr22:33564902	T
734	chr22:33564901	A
735	chr22:33564900	G
736	chr22:33564899	T
737	chr22:33564898	G
738	chr22:33564897	G
739	chr22:33564896	A
740	chr22:33564895	A
741	chr22:33564894	A
742	chr22:33564893	C
743	chr22:33564892	G
744	chr22:33564891	G
745	chr22:33564890	T
746	chr22:33564889	G
747	chr22:33564888	A
748	chr22:33564887	C
749	chr22:33564886	T
750	chr22:33564885	G
751	chr22:33564884	T
752	chr22:33564883	A
753	chr22:33564882	A
754	chr22:33564881	C
755	chr22:33564880	G
756	chr22:33564879	T
757	chr22:33564878	C
758	chr22:33564877	T
759	chr22:33564876	C
760	chr22:33564875	G
761	chr22:33564874	A
762	chr22:33564873	C
763	chr22:33564872	A
764	chr22:33564871	C
765	chr22:33564870	C
766	chr22:33564869	C
767	chr22:33564868	G
768	chr22:33564867	A
769	chr22:33564866	C
770	chr22:33564865	A
771	chr22:33564864	C
772	chr22:33564863	A
773	chr22:33564862	A
774	chr22:33564861	G
775	chr22:33564860	G
776	chr22:33564859	T
777	chr22:33564858	G
778	chr22:33564857	T
779	chr22:33564856	T
780	chr22:33564855	C
781	chr22:33564854	A
782	chr22:33564853	A
783	chr22:33564852	G
784	chr22:33564851	T
785	chr22:33564850	T
786	chr22:33564849	T
787	chr22:33564848	C
788	chr22:33432265	C
789	chr22:33432264	A
790	chr22:33432263	G
791	chr22:33432262	T
792	chr22:33432261	C
793	chr22:33432260	G
794	chr22:33432259	T
795	chr22:33432258	T
796	chr22:33432257	C
797	chr22:33432256	A
798	chr22:33432255	G
799	chr22:33432254	G
800	chr22:33432253	A
801	chr22:33432252	C
802	chr22:33432251	C
803	chr22:33432250	C
804	chr22:33432249	G
805	chr22:33432248	A
806	chr22:33432247	A
807	chr22:33432246	C
808	chr22:33432245	C
809	chr22:33432244	A
810	chr22:33432243	C
811	chr22:33432242	C
812	chr22:33432241	T
813	chr22:33432240	C
814	chr22:33432239	T
815	chr22:33432238	T
816	chr22:33432237	G
817	chr22:33432236	G
818	chr22:33432235	T
819	chr22:33432234	C
820	chr22:33432233	T
821	chr22:33432232	C
822	chr22:33432231	A
823	chr22:33432230	C
824	chr22:33432229	T
825	chr22:33432228	G
826	chr22:33432227	A
827	chr22:33432226	C
828	chr22:33432225	C
829	chr22:33432224	A
830	chr22:33432223	T
831	chr22:33432222	G
832	chr22:33432221	G
833	chr22:33432220	A
834	chr22:33432219	A
835	chr22:33432218	C
836	chr22:33432217	C
837	chr22:33432216	T
838	chr22:33432215	T
839	chr22:33432214	T
840	chr22:33432213	G
841	chr22:33432212	G
842	chr22:33432211	A
843	chr22:33432210	C
844	chr22:33432209	A
845	chr22:33432208	C
846	chr22:33432207	C
847	chr22:33432206	T
848	chr22:33432205	T
849	chr22:33432204	T
850	chr22:33432203	T
851	chr22:33432202	T
852	chr22:33432201	A
853	chr22:33432200	G
854	chr22:33432199	T
855	chr22:33432198	G
856	chr22:33432197	G
857	chr22:33432196	C
858	chr22:33432195	G
859	chr22:33432194	G
860	chr22:33432193	G
861	chr22:33432192	T
862	chr22:33432191	A
863	chr22:33432190	C
864	chr22:33432189	C
865	chr22:33432188	G
866	chr22:33432187	G
867	chr22:33432186	T
868	chr22:33432185	C
869	chr22:33432184	G
870	chr22:33432183	G
871	chr22:33432182	G
872	chr22:33432181	A
873	chr22:33432180	A
874	chr22:33432179	C
875	chr22:33432178	C
876	chr22:33432177	T
877	chr22:33432176	T
878	chr22:33432175	C
879	chr22:33432174	T
880	chr22:33432173	C
881	chr22:33432172	C
882	chr22:33432171	G
883	chr22:33432170	A
884	chr22:33432169	T
885	chr22:33432168	G
886	chr22:33432167	T
887	chr22:33432166	T
888	chr22:33432165	G
889	chr22:33432164	T
890	chr22:33432163	G
891	chr22:33432162	T
892	chr22:33432161	C
893	chr22:33384304	C
894	chr22:33384303	C
895	chr22:33384302	C
896	chr22:33384301	A
897	chr22:33384300	C
898	chr22:33384299	T
899	chr22:33384298	A
900	chr22:33384297	G
901	chr22:33384296	G
902	chr22:33384295	A
903	chr22:33384294	C
904	chr22:33384293	A
905	chr22:33384292	A
906	chr22:33384291	T
907	chr22:33384290	G
908	chr22:33384289	A
909	chr22:33384288	A
910	chr22:33384287	G
911	chr22:33384286	A
912	chr22:33384285	C
913	chr22:33384284	C
914	chr22:33384283	T
915	chr22:33384282	A
916	chr22:33384281	T
917	chr22:33384280	T
918	chr22:33384279	C
919	chr22:33384278	G
920	chr22:33384277	A
921	chr22:33384276	C
922	chr22:33384275	G
923	chr22:33384274	C
924	chr22:33384273	C
925	chr22:33384272	T
926	chr22:33384271	T
927	chr22:33384270	C
928	chr22:33384269	T
929	chr22:33384268	A
930	chr22:33384267	C
931	chr22:33384266	T
932	chr22:33384265	T
933	chr22:33384264	T
934	chr22:33384263	A
935	chr22:33384262	C
936	chr22:33384261	C
937	chr22:33384260	C
938	chr22:33384259	T
939	chr22:33384258	C
940	chr22:33384257	G
941	chr22:33384256	T
942	chr22:33384255	C
943	chr22:33384254	T
944	chr22:33384253	A
945	chr22:33384252	C
946	chr22:33384251	A
947	chr22:33384250	C
948	chr22:33384249	C
949	chr22:33384248	T
950	chr22:33384247	C
951	chr22:33384246	C
952	chr22:33384245	G
953	chr22:33384244	A
954	chr22:33384243	C
955	chr22:33384242	T
956	chr22:33384241	G
957	chr22:33384240	G
958	chr22:33384239	C
959	chr22:33384238	G
960	chr22:33384237	T
961	chr22:33384236	C
962	chr22:33384235	T
963	chr22:33384234	C
964	chr22:33384233	T
965	chr22:33384232	C
966	chr22:33384231	C
967	chr22:33384230	C
968	chr22:33384229	T
969	chr22:33384228	C
970	chr22:33384227	G
971	chr22:33384226	A
972	chr22:33384225	G
973	chr22:33384224	T
974	chr22:33384223	A
975	chr22:33384222	C
976	chr22:33384221	C
977	chr22:33384220	C
978	chr22:33384219	G
979	chr22:33384218	T
980	chr22:33384217	A
981	chr22:33384216	C
982	chr22:33384215	G
983	chr22:33384214	A
984	chr22:33384213	G
985	chr22:33384212	A
986	chr22:33384211	G
987	chr22:33384210	A
988	chr22:33384209	T
989	chr22:33384208	G
990	chr22:33384207	T
991	chr22:33384206	A
992	chr22:33384205	G
993	chr22:33384204	G
994	chr22:33384203	A
995	chr22:33384202	A
996	chr22:33384201	T
997	chr22:33384200	C
998	chr22:33384199	G
999	chr22:33384198	A
1000	chr22:33384197	C
1001	chr22:33384196	T
1002	chr22:33384195	G
1003	chr22:33384194	G
1004	chr22:33384193	T
1005	chr22:33384192	C
1006	chr22:33382044	C
1007	chr22:33382043	T
1008	chr22:33382042	A
1009	chr22:33382041	T
1010	chr22:33382040	A
1011	chr22:33382039	A
1012	chr22:33382038	A
1013	chr22:33382037	A
1014	chr22:33382036	G
1015	chr22:33382035	T
1016	chr22:33382034	T
1017	chr22:33382033	A
1018	chr22:33382032	C
1019	chr22:33382031	G
1020	chr22:33382030	G
1021	chr22:33382029	C
1022	chr22:33382028	A
1023	chr22:33382027	G
1024	chr22:33382026	T
1025	chr22:33382025	A
1026	chr22:33382024	G
1027	chr22:33382023	T
1028	chr22:33382022	T
1029	chr22:33382021	T
1030	chr22:33382020	G
1031	chr22:33382019	T
1032	chr22:33382018	T
1033	chr22:33382017	T
1034	chr22:33382016	T
1035	chr22:33382015	G
1036	chr22:33382014	G
1037	chr22:33382013	G
1038	chr22:33382012	G
1039	chr22:33382011	A
1040	chr22:33382010	A
1041	chr22:33382009	G
1042	chr22:33382008	G
1043	chr22:33382007	A
1044	chr22:33382006	A
1045	chr22:33382005	C
1046	chr22:33382004	A
1047	chr22:33382003	C
1048	chr22:33382002	A
1049	chr22:33382001	T
1050	chr22:33382000	G
1051	chr22:33381999	G
1052	chr22:33381998	T
1053	chr22:33381997	C
1054	chr22:33381996	G
1055	chr22:33381995	A
1056	chr22:33381994	G
1057	chr22:33381993	G
1058	chr22:33381992	G
1059	chr22:33381991	G
1060	chr22:33381990	A
1061	chr22:33381989	C
1062	chr22:33381988	G
1063	chr22:33381987	A
1064	chr22:33381986	A
1065	chr22:33381985	G
1066	chr22:33381984	A
1067	chr22:33381983	C
1068	chr22:33381982	C
1069	chr22:33381981	T
1070	chr22:33381980	T
1071	chr22:33381979	A
1072	chr22:33381978	C
1073	chr22:33381977	A
1074	chr22:33381976	C
1075	chr22:33381975	G
1076	chr22:33381974	T
1077	chr22:33381973	C
1078	chr22:33381972	G
1079	chr22:33381971	A
1080	chr22:33381970	C
1081	chr22:33381969	A
1082	chr22:33381968	G
1083	chr22:33381967	T
1084	chr22:33381966	C
1085	chr22:33381965	T
1086	chr22:33381964	G
1087	chr22:33381963	G
1088	chr22:33381962	T
1089	chr22:33381961	G
1090	chr22:33381960	T
1091	chr22:33381959	G
1092	chr22:33381958	G
1093	chr22:33381957	G
1094	chr22:33381956	C
1095	chr22:33381955	G
1096	chr22:33381954	A
1097	chr22:33381953	G
1098	chr22:33381952	G
1099	chr22:33381951	C
1100	chr22:33381950	T
1101	chr22:33381949	C
1102	chr22:33381948	G
1103	chr22:33381947	T
1104	chr22:33381946	C
1105	chr22:33381945	A
1106	chr22:33381944	C
1107	chr22:33381943	G
1108	chr22:33381942	A
1109	chr22:33381941	T
1110	chr22:33381940	G
1111	chr22:33381939	T
1112	chr22:33381938	C
1113	chr22:33381937	T
1114	chr22:33381936	C
1115	chr22:33381935	T
1116	chr22:33381934	G
1117	chr22:33381933	C
1118	chr22:33381932	A
1119	chr22:33381931	C
1120	chr22:33381930	A
1121	chr22:33381929	G
1122	chr22:33381928	A
1123	chr22:33381927	C
1124	chr22:33381926	T
1125	chr22:33381925	A
1126	chr22:33381924	G
1127	chr22:33381923	A
1128	chr22:33381922	T
1129	chr22:33381921	T
1130	chr22:33381920	T
1131	chr22:33381919	C
1132	chr22:33337801	C
1133	chr22:33337800	A
1134	chr22:33337799	G
1135	chr22:33337798	T
1136	chr22:33337797	A
1137	chr22:33337796	A
1138	chr22:33337795	G
1139	chr22:33337794	T
1140	chr22:33337793	G
1141	chr22:33337792	A
1142	chr22:33337791	C
1143	chr22:33337790	C
1144	chr22:33337789	T
1145	chr22:33337788	T
1146	chr22:33337787	G
1147	chr22:33337786	A
1148	chr22:33337785	G
1149	chr22:33337784	G
1150	chr22:33337783	G
1151	chr22:33337782	G
1152	chr22:33337781	G
1153	chr22:33337780	T
1154	chr22:33337779	T
1155	chr22:33337778	C
1156	chr22:33337777	T
1157	chr22:33337776	T
1158	chr22:33337775	C
1159	chr22:33337774	G
1160	chr22:33337773	A
1161	chr22:33337772	G
1162	chr22:33337771	G
1163	chr22:33337770	C
1164	chr22:33337769	C
1165	chr22:33337768	C
1166	chr22:33337767	A
1167	chr22:33337766	C
1168	chr22:33337765	T
1169	chr22:33337764	T
1170	chr22:33337763	C
1171	chr22:33337762	T
1172	chr22:33337761	T
1173	chr22:33337760	G
1174	chr22:33337759	T
1175	chr22:33337758	T
1176	chr22:33337757	C
1177	chr22:33337756	G
1178	chr22:33337755	T
1179	chr22:33337754	A
1180	chr22:33337753	C
1181	chr22:33337752	A
1182	chr22:33337751	C
1183	chr22:33337750	C
1184	chr22:33337749	T
1185	chr22:33337748	C
1186	chr22:33337747	A
1187	chr22:33337746	A
1188	chr22:33337745	A
1189	chr22:33337744	A
1190	chr22:33337743	A
1191	chr22:33337742	A
1192	chr22:33337741	G
1193	chr22:33337740	C
1194	chr22:33337739	G
1195	chr22:33337738	T
1196	chr22:33337737	T
1197	chr22:33337736	G
1198	chr22:33337735	G
1199	chr22:33337734	A
1200	chr22:33337733	G
1201	chr22:33337732	A
1202	chr22:33337731	T
1203	chr22:33337730	G
1204	chr22:33337729	G
1205	chr22:33337728	A
1206	chr22:33337727	C
1207	chr22:33337726	T
1208	chr22:33337725	G
1209	chr22:33337724	G
1210	chr22:33337723	A
1211	chr22:33337722	A
1212	chr22:33337721	G
1213	chr22:33337720	G
1214	chr22:33337719	A
1215	chr22:33337718	C
1216	chr22:33337717	C
1217	chr22:33337716	T
1218	chr22:33337715	C
1219	chr22:33337714	A
1220	chr22:33337713	T
1221	chr22:33337712	A
1222	chr22:33337711	C
1223	chr22:33337710	T
1224	chr22:33337709	G
1225	chr22:33337708	C
1226	chr22:33337707	C
1227	chr22:33337706	G
1228	chr22:33337705	T
1229	chr22:33337704	T
1230	chr22:33337703	A
1231	chr22:33337702	G
1232	chr22:33337701	A
1233	chr22:33337700	A
1234	chr22:33337699	G
1235	chr22:33337698	A
1236	chr22:33337697	C
1237	chr22:33337696	T
1238	chr22:33337695	C
1239	chr22:33337694	C
1240	chr22:33337693	G
1241	chr22:33337692	C
1242	chr22:33337691	C
1243	chr22:33337690	C
1244	chr22:33337689	T
1245	chr22:33337688	T
1246	chr22:33337687	G
1247	chr22:33337686	A
1248	chr22:33337685	C
1249	chr22:33337684	A
1250	chr22:33337683	A
1251	chr22:33337682	A
1252	chr22:33337681	C
1253	chr22:33337680	C
1254	chr22:33337679	G
1255	chr22:33337678	A
1256	chr22:33337677	C
1257	chr22:33337676	G
1258	chr22:33337675	G
1259	chr22:33337674	G
1260	chr22:33337673	G
1261	chr22:33337672	T
1262	chr22:33337671	C
1263	chr22:33337670	A
1264	chr22:33337669	C
1265	chr22:33337668	T
1266	chr22:33337667	C
1267	chr22:33337666	C
1268	chr22:33337665	G
1269	chr22:33337664	A
1270	chr22:33337663	C
1271	chr22:33337662	T
1272	chr22:33337661	A
1273	chr22:33337660	C
1274	chr22:33337659	A
1275	chr22:33337658	G
1276	chr22:33337657	T
1277	chr22:33337656	T
1278	chr22:33337655	G
1279	chr22:33337654	T
1280	chr22:33337653	C
1281	chr22:33337652	A
1282	chr22:33337651	C
1283	chr22:33337650	T
1284	chr22:33337649	T
1285	chr22:33337648	T
1286	chr22:33337647	T
1287	chr22:33337646	G
1288	chr22:33316248	G
1289	chr22:33316247	A
1290	chr22:33316246	G
1291	chr22:33316245	G
1292	chr22:33316244	T
1293	chr22:33316243	C
1294	chr22:33316242	T
1295	chr22:33316241	T
1296	chr22:33316240	C
1297	chr22:33316239	G
1298	chr22:33316238	T
1299	chr22:33316237	C
1300	chr22:33316236	G
1301	chr22:33316235	A
1302	chr22:33316234	C
1303	chr22:33316233	A
1304	chr22:33316232	G
1305	chr22:33316231	A
1306	chr22:33316230	C
1307	chr22:33316229	T
1308	chr22:33316228	C
1309	chr22:33316227	G
1310	chr22:33316226	A
1311	chr22:33316225	C
1312	chr22:33316224	C
1313	chr22:33316223	T
1314	chr22:33316222	G
1315	chr22:33316221	C
1316	chr22:33316220	T
1317	chr22:33316219	C
1318	chr22:33316218	C
1319	chr22:33316217	T
1320	chr22:33316216	G
1321	chr22:33316215	C
1322	chr22:33316214	T
1323	chr22:33316213	G
1324	chr22:33316212	G
1325	chr22:33316211	A
1326	chr22:33316210	C
1327	chr22:33316209	A
1328	chr22:33316208	C
1329	chr22:33316207	G
1330	chr22:33316206	A
1331	chr22:33316205	T
1332	chr22:33316204	A
1333	chr22:33316203	C
1334	chr22:33316202	T
1335	chr22:33316201	C
1336	chr22:33316200	A
1337	chr22:33316199	A
1338	chr22:33316198	G
1339	chr22:33316197	G
1340	chr22:33316196	C
1341	chr22:33316195	C
1342	chr22:33316194	G
1343	chr22:33316193	C
1344	chr22:33316192	T
1345	chr22:33316191	C
1346	chr22:33316190	T
1347	chr22:33316189	C
1348	chr22:33316188	G
1349	chr22:33316187	C
1350	chr22:33316186	G
1351	chr22:33316185	A
1352	chr22:33316184	A
1353	chr22:33316183	G
1354	chr22:33316182	T
1355	chr22:33316181	G
1356	chr22:33316180	A
1357	chr22:33316179	C
1358	chr22:33316178	A
1359	chr22:33316177	G
1360	chr22:33316176	G
1361	chr22:33316175	T
1362	chr22:33316174	G
1363	chr22:33316173	G
1364	chr22:33316172	C
1365	chr22:33316171	G
1366	chr22:33316170	T
1367	chr22:33316169	G
1368	chr22:33316168	G
1369	chr22:33316167	G
1370	chr22:33316166	T
1371	chr22:33316165	G
1372	chr22:33316164	G
1373	chr22:33316163	A
1374	chr22:33316162	C
1375	chr22:33316161	A
1376	chr22:33316160	T
1377	chr22:33316159	G
1378	chr22:33316158	A
1379	chr22:33316157	A
1380	chr22:33316156	G
1381	chr22:33316155	G
1382	chr22:33316154	A
1383	chr22:33316153	C
1384	chr22:33316152	G
1385	chr22:33316151	T
1386	chr22:33316150	G
1387	chr22:33316149	A
1388	chr22:33316148	T
1389	chr22:33316147	G
1390	chr22:33316146	C
1391	chr22:33316145	T
1392	chr22:33316144	C
1393	chr22:33316143	A
1394	chr22:33316142	T
1395	chr22:33316141	A
1396	chr22:33316140	C
1397	chr22:33316139	T
1398	chr22:33316138	C
1399	chr22:33316137	G
1400	chr22:33316136	G
1401	chr22:33316135	A
1402	chr22:33316134	C
1403	chr22:33316133	G
1404	chr22:33316132	T
1405	chr22:33316131	C
1406	chr22:33316130	G
1407	chr22:33316129	T
1408	chr22:33316128	C
1409	chr22:33316127	T
1410	chr22:33316126	G
1411	chr22:33316125	T
1412	chr22:33316124	C
1413	chr22:33316123	G
1414	chr22:33316122	T
1415	chr22:33316121	G
1416	chr22:33316120	C
1417	chr22:33316119	C
1418	chr22:33316118	T
1419	chr22:33316117	G
1420	chr22:33316116	C
1421	chr22:33316115	A
1422	chr22:33316114	G
1423	chr22:33316113	T
1424	chr22:33316112	G
1425	chr22:33316111	G
1426	chr22:33316110	G
1427	chr22:33316109	A
1428	chr22:33316108	C
1429	chr22:33316107	C
1430	chr22:33316106	A
1431	chr22:33316105	G
1432	chr22:33316104	C
1433	chr22:33316103	G
1434	chr22:33316102	A
1435	chr22:33316101	G
1436	chr22:33316100	T
1437	chr22:33316099	C
1438	chr22:33316098	G
1439	chr22:33316097	A
1440	chr22:33316096	C
1441	chr22:33316095	A
1442	chr22:33316094	G
1443	chr22:33316093	G
1444	chr22:33316092	T
1445	chr22:33316091	A
1446	chr22:33316090	C
1447	chr22:33316089	C
1448	chr22:33316088	T
1449	chr22:33316087	G
1450	chr22:33316086	T
1451	chr22:33316085	C
1452	chr22:33304507	C
1453	chr22:33304506	G
1454	chr22:33304505	A
1455	chr22:33304504	G
1456	chr22:33304503	G
1457	chr22:33304502	T
1458	chr22:33304501	C
1459	chr22:33304500	T
1460	chr22:33304499	A
1461	chr22:33304498	C
1462	chr22:33304497	G
1463	chr22:33304496	A
1464	chr22:33304495	C
1465	chr22:33304494	C
1466	chr22:33304493	T
1467	chr22:33304492	C
1468	chr22:33304491	C
1469	chr22:33304490	G
1470	chr22:33304489	G
1471	chr22:33304488	T
1472	chr22:33304487	A
1473	chr22:33304486	G
1474	chr22:33304485	A
1475	chr22:33304484	C
1476	chr22:33304483	G
1477	chr22:33304482	T
1478	chr22:33304481	T
1479	chr22:33304480	C
1480	chr22:33304479	G
1481	chr22:33304478	T
1482	chr22:33304477	G
1483	chr22:33304476	A
1484	chr22:33304475	C
1485	chr22:33304474	C
1486	chr22:33304473	C
1487	chr22:33304472	T
1488	chr22:33304471	C
1489	chr22:33304470	C
1490	chr22:33304469	C
1491	chr22:33304468	C
1492	chr22:33304467	G
1493	chr22:33304466	G
1494	chr22:33304465	G
1495	chr22:33304464	T
1496	chr22:33304463	A
1497	chr22:33304462	G
1498	chr22:33304461	T
1499	chr22:33304460	C
1500	chr22:33304459	G
1501	chr22:33304458	G
1502	chr22:33304457	A
1503	chr22:33304456	C
1504	chr22:33304455	C
1505	chr22:33304454	G
1506	chr22:33304453	G
1507	chr22:33304452	G
1508	chr22:33304451	A
1509	chr22:33304450	G
1510	chr22:33304449	A
1511	chr22:33304448	T
1512	chr22:33304447	G
1513	chr22:33304446	G
1514	chr22:33304445	A
1515	chr22:33304444	C
1516	chr22:33304443	A
1517	chr22:33304442	G
1518	chr22:33304441	T
1519	chr22:33304440	C
1520	chr22:33304439	T
1521	chr22:33304438	G
1522	chr22:33304437	C
1523	chr22:33304436	G
1524	chr22:33304435	G
1525	chr22:33304434	C
1526	chr22:33304433	T
1527	chr22:33304432	C
1528	chr22:33304431	C
1529	chr22:33304430	G
1530	chr22:33304429	G
1531	chr22:33304428	G
1532	chr22:33304427	T
1533	chr22:33304426	C
1534	chr22:33304425	G
1535	chr22:33304424	T
1536	chr22:33304423	C
1537	chr22:33304422	A
1538	chr22:33304421	A
1539	chr22:33304420	G
1540	chr22:33304419	G
1541	chr22:33304418	A
1542	chr22:33304417	G
1543	chr22:33304416	G
1544	chr22:33304415	C
1545	chr22:33304414	G
1546	chr22:33304413	A
1547	chr22:33304412	T
1548	chr22:33304411	G
1549	chr22:33304410	C
1550	chr22:33304409	G
1551	chr22:33304408	T
1552	chr22:33304407	G
1553	chr22:33304406	T
1554	chr22:33304405	C
1555	chr22:33304404	C
1556	chr22:33304403	C
1557	chr22:33304402	G
1558	chr22:33304401	A
1559	chr22:33304400	G
1560	chr22:33304399	A
1561	chr22:33304398	C
1562	chr22:33304397	T
1563	chr22:33304396	C
1564	chr22:33304395	C
1565	chr22:33304394	A
1566	chr22:33304393	C
1567	chr22:33304392	G
1568	chr22:33304391	A
1569	chr22:33304390	A
1570	chr22:33304389	T
1571	chr22:33304388	A
1572	chr22:33304387	C
1573	chr22:33304386	T
1574	chr22:33304385	C
1575	chr22:33304384	G
1576	chr22:33304383	G
1577	chr22:33304382	C
1578	chr22:33304381	G
1579	chr22:33304380	G
1580	chr22:33304379	T
1581	chr22:33304378	G
1582	chr22:33304377	T
1583	chr22:33304376	T
1584	chr22:33304375	G
1585	chr22:33304374	C
1586	chr22:33304373	A
1587	chr22:33304372	C
1588	chr22:33304371	C
1589	chr22:33304370	C
1590	chr22:33304369	G
1591	chr22:33304368	A
1592	chr22:33304367	T
1593	chr22:33304366	G
1594	chr22:33304365	G
1595	chr22:33304364	T
1596	chr22:33304363	G
1597	chr22:33304362	T
1598	chr22:33304361	A
1599	chr22:33304360	G
1600	chr22:33304359	C
1601	chr22:33304358	A
1602	chr22:33304357	C
1603	chr22:33304356	A
1604	chr22:33304355	T
1605	chr22:33304354	G
1606	chr22:33304353	T
1607	chr22:33304352	T
1608	chr22:33304351	C
1609	chr22:33304350	C
1610	chr22:33304349	T
1611	chr22:33304348	C
1612	chr22:33304347	C
1613	chr22:33304346	C
1614	chr22:33304345	G
1615	chr22:33304344	G
1616	chr22:33304343	T
1617	chr22:33304342	C
1618	chr22:33304341	A
1619	chr22:33304340	A
1620	chr22:33304339	G
1621	chr22:33304338	A
1622	chr22:33304337	T
1623	chr22:33304336	G
1624	chr22:33304335	G
1625	chr22:33304334	G
1626	chr22:33304333	G
1627	chr22:33304332	C
1628	chr22:33304331	A
1629	chr22:33304330	C
1630	chr22:33304329	T
1631	chr22:33304328	T
1632	chr22:33304327	G
1633	chr22:33304326	G
1634	chr22:33304325	A
1635	chr22:33304324	C
1636	chr22:33304323	G
1637	chr22:33304322	A
1638	chr22:33304321	C
1639	chr22:33304320	G
1640	chr22:33304319	C
1641	chr22:33304318	G
1642	chr22:33304317	T
1643	chr22:33304316	T
1644	chr22:33304315	G
1645	chr22:33304314	C
1646	chr22:33304313	A
1647	chr22:33304312	C
1648	chr22:33304311	C
1649	chr22:33304310	G
1650	chr22:33304309	G
1651	chr22:33304308	T
1652	chr22:33304307	A
1653	chr22:33304306	C
1654	chr22:33304305	T
1655	chr22:33304304	T
1656	chr22:33304303	C
1657	chr22:33304302	G
1658	chr22:33304301	T
1659	chr22:33304300	G
1660	chr22:33304299	T
1661	chr22:33304298	A
1662	chr22:33304297	G
1663	chr22:33304296	T
1664	chr22:33304295	C
1665	chr22:33304294	G
1666	chr22:33304293	T
1667	chr22:33304292	G
1668	chr22:33304291	A
1669	chr22:33304290	G
1670	chr22:33304289	G
1671	chr22:33304288	G
1672	chr22:33304287	A
1673	chr22:33304286	T
1674	chr22:33304285	G
1675	chr22:33304284	T
1676	chr22:33304283	A
1677	chr22:33304282	C
1678	chr22:33304281	A
1679	chr22:33304280	A
1680	chr22:33304279	G
1681	chr22:33304278	G
1682	chr22:33304277	A
1683	chr22:33304276	C
1684	chr22:33304275	A
1685	chr22:33304274	G
1686	chr22:33304273	A
1687	chr22:33304272	C
1688	chr22:33304271	T
1689	chr22:33304270	G
1690	chr22:33304269	T
1691	chr22:33304268	A
1692	chr22:33304267	A
1693	chr22:33304266	C
1694	chr22:33304265	T
1695	chr22:33304264	G
1696	chr22:33304263	A
1697	chr22:33304262	A
1698	chr22:33304261	G
1699	chr22:33304260	G
1700	chr22:33304259	A
1701	chr22:33304258	C
1702	chr22:33304257	G
1703	chr22:33304256	G
1704	chr22:33304255	G
1705	chr22:33304254	T
1706	chr22:33304253	A
1707	chr22:33304252	C
1708	chr22:33304251	A
1709	chr22:33304250	T
1710	chr22:33304249	A
1711	chr22:33304248	C
1712	chr22:33304247	C
1713	chr22:33304246	C
1714	chr22:33304245	G
1715	chr22:33304244	A
1716	chr22:33304243	G
1717	chr22:33304242	A
1718	chr22:33304241	T
1719	chr22:33304240	A
1720	chr22:33304239	C
1721	chr22:33304238	T
1722	chr22:33304237	C
1723	chr22:33304236	A
1724	chr22:33304235	T
1725	chr22:33304234	G
1726	chr22:33304233	G
1727	chr22:33304232	A
1728	chr22:33304231	G
1729	chr22:33304230	T
1730	chr22:33304229	C
1731	chr22:33283348	C
1732	chr22:33283347	T
1733	chr22:33283346	T
1734	chr22:33283345	C
1735	chr22:33283344	A
1736	chr22:33283343	G
1737	chr22:33283342	A
1738	chr22:33283341	C
1739	chr22:33283340	A
1740	chr22:33283339	G
1741	chr22:33283338	T
1742	chr22:33283337	A
1743	chr22:33283336	G
1744	chr22:33283335	G
1745	chr22:33283334	T
1746	chr22:33283333	C
1747	chr22:33283332	G
1748	chr22:33283331	A
1749	chr22:33283330	G
1750	chr22:33283329	C
1751	chr22:33283328	T
1752	chr22:33283327	A
1753	chr22:33283326	G
1754	chr22:33283325	A
1755	chr22:33283324	A
1756	chr22:33283323	C
1757	chr22:33283322	G
1758	chr22:33283321	G
1759	chr22:33283320	T
1760	chr22:33283319	T
1761	chr22:33283318	G
1762	chr22:33283317	T
1763	chr22:33283316	G
1764	chr22:33283315	G
1765	chr22:33283314	T
1766	chr22:33283313	T
1767	chr22:33283312	C
1768	chr22:33283311	T
1769	chr22:33283310	T
1770	chr22:33283309	T
1771	chr22:33283308	C
1772	chr22:33283307	G
1773	chr22:33283306	T
1774	chr22:33283305	T
1775	chr22:33283304	A
1776	chr22:33283303	C
1777	chr22:33283302	T
1778	chr22:33283301	A
1779	chr22:33283300	A
1780	chr22:33283299	C
1781	chr22:33283298	A
1782	chr22:33283297	G
1783	chr22:33283296	G
1784	chr22:33283295	G
1785	chr22:33283294	G
1786	chr22:33283293	C
1787	chr22:33283292	G
1788	chr22:33283291	C
1789	chr22:33283290	A
1790	chr22:33283289	A
1791	chr22:33283288	G
1792	chr22:33283287	C
1793	chr22:33283286	T
1794	chr22:33283285	C
1795	chr22:33283284	T
1796	chr22:33283283	G
1797	chr22:33283282	T
1798	chr22:33283281	G
1799	chr22:33283280	A
1800	chr22:33283279	C
1801	chr22:33283278	G
1802	chr22:33283277	C
1803	chr22:33283276	G
1804	chr22:33283275	A
1805	chr22:33283274	T
1806	chr22:33283273	G
1807	chr22:33283272	G
1808	chr22:33283271	C
1809	chr22:33283270	C
1810	chr22:33283269	G
1811	chr22:33283268	A
1812	chr22:33283267	C
1813	chr22:33283266	A
1814	chr22:33283265	G
1815	chr22:33283264	G
1816	chr22:33283263	A
1817	chr22:33283262	A
1818	chr22:33283261	G
1819	chr22:33283260	G
1820	chr22:33283259	G
1821	chr22:33283258	G
1822	chr22:33283257	T
1823	chr22:33283256	T
1824	chr22:33283255	C
1825	chr22:33283254	A
1826	chr22:33283253	G
1827	chr22:33283252	T
1828	chr22:33283251	T
1829	chr22:33283250	T
1830	chr22:33283249	T
1831	chr22:33283248	C
1832	chr22:33283247	G
1833	chr22:33283246	C
1834	chr22:33283245	C
1835	chr22:33283244	T
1836	chr22:33283243	C
1837	chr22:33283242	A
1838	chr22:33283241	A
1839	chr22:33283240	C
1840	chr22:33283239	G
1841	chr22:33283238	A
1842	chr22:33283237	C
1843	chr22:33283236	A
1844	chr22:33283235	G
1845	chr22:33283234	T
1846	chr22:33283233	T
1847	chr22:33283232	A
1848	chr22:33283231	C
1849	chr22:33283230	G
1850	chr22:33283229	A
1851	chr22:33283228	C
1852	chr22:33283227	C
1853	chr22:33283226	T
1854	chr22:33283225	G
1855	chr22:33283224	T
1856	chr22:33283223	A
1857	chr22:33283222	C
1858	chr22:33283221	C
1859	chr22:33283220	C
1860	chr22:33283219	C
1861	chr22:33283218	T
1862	chr22:33283217	G
1863	chr22:33283216	G
1864	chr22:33283215	G
1865	chr22:33283214	A
1866	chr22:33283213	G
1867	chr22:33283212	A
1868	chr22:33283211	A
1869	chr22:33283210	G
1870	chr22:33283209	T
1871	chr22:33283208	G
1872	chr22:33283207	T
1873	chr22:33283206	A
1874	chr22:33283205	A
1875	chr22:33283204	G
1876	chr22:33283203	T
1877	chr22:33283202	C
1878	chr22:33277255	C
1879	chr22:33277254	A
1880	chr22:33277253	T
1881	chr22:33277252	G
1882	chr22:33277251	G
1883	chr22:33277250	T
1884	chr22:33277249	G
1885	chr22:33277248	C
1886	chr22:33277247	A
1887	chr22:33277246	G
1888	chr22:33277245	A
1889	chr22:33277244	C
1890	chr22:33277243	C
1891	chr22:33277242	T
1892	chr22:33277241	G
1893	chr22:33277240	C
1894	chr22:33277239	T
1895	chr22:33277238	T
1896	chr22:33277237	T
1897	chr22:33277236	C
1898	chr22:33277235	C
1899	chr22:33277234	G
1900	chr22:33277233	G
1901	chr22:33277232	T
1902	chr22:33277231	G
1903	chr22:33277230	C
1904	chr22:33277229	G
1905	chr22:33277228	T
1906	chr22:33277227	G
1907	chr22:33277226	G
1908	chr22:33277225	G
1909	chr22:33277224	T
1910	chr22:33277223	G
1911	chr22:33277222	T
1912	chr22:33277221	T
1913	chr22:33277220	T
1914	chr22:33277219	G
1915	chr22:33277218	A
1916	chr22:33277217	A
1917	chr22:33277216	G
1918	chr22:33277215	C
1919	chr22:33277214	G
1920	chr22:33277213	G
1921	chr22:33277212	T
1922	chr22:33277211	T
1923	chr22:33277210	C
1924	chr22:33277209	A
1925	chr22:33277208	C
1926	chr22:33277207	C
1927	chr22:33277206	G
1928	chr22:33277205	C
1929	chr22:33277204	C
1930	chr22:33277203	T
1931	chr22:33277202	G
1932	chr22:33277201	G
1933	chr22:33277200	C
1934	chr22:33277199	G
1935	chr22:33277198	G
1936	chr22:33277197	T
1937	chr22:33277196	G
1938	chr22:33277195	G
1939	chr22:33277194	T
1940	chr22:33277193	G
1941	chr22:33277192	C
1942	chr22:33277191	G
1943	chr22:33277190	G
1944	chr22:33277189	A
1945	chr22:33277188	A
1946	chr22:33277187	T
1947	chr22:33277186	G
1948	chr22:33277185	G
1949	chr22:33277184	C
1950	chr22:33277183	C
1951	chr22:33277182	C
1952	chr22:33277181	A
1953	chr22:33277180	A
1954	chr22:33277179	C
1955	chr22:33277178	T
1956	chr22:33277177	C
1957	chr22:33277176	A
1958	chr22:33277175	C
1959	chr22:33277174	C
1960	chr22:33277173	C
1961	chr22:33277172	T
1962	chr22:33277171	C
1963	chr22:33277170	C
1964	chr22:33277169	G
1965	chr22:33277168	G
1966	chr22:33277167	C
1967	chr22:33277166	T
1968	chr22:33277165	A
1969	chr22:33277164	A
1970	chr22:33277163	A
1971	chr22:33277162	A
1972	chr22:33277161	C
1973	chr22:33277160	T
1974	chr22:33277159	C
1975	chr22:33277158	G
1976	chr22:33277157	G
1977	chr22:33277156	C
1978	chr22:33277155	A
1979	chr22:33277154	T
1980	chr22:33277153	A
1981	chr22:33277152	C
1982	chr22:33277151	A
1983	chr22:33277150	A
1984	chr22:33277149	C
1985	chr22:33277148	A
1986	chr22:33277147	A
1987	chr22:33277146	C
1988	chr22:33277145	A
1989	chr22:33277144	C
1990	chr22:33277143	T
1991	chr22:33277142	C
1992	chr22:33277141	T
1993	chr22:33277140	G
1994	chr22:33277139	C
1995	chr22:33277138	A
1996	chr22:33277137	C
1997	chr22:33277136	T
1998	chr22:33277135	G
1999	chr22:33277134	A
2000	chr22:33277133	C
2001	chr22:33277132	G
2002	chr22:33277131	G
2003	chr22:33277130	G
2004	chr22:33277129	C
2005	chr22:33277128	C
2006	chr22:33277127	T
2007	chr22:33277126	C
2008	chr22:33277125	A
2009	chr22:33277124	T
2010	chr22:33277123	G
2011	chr22:33277122	C
2012	chr22:33277121	T
2013	chr22:33277120	G
2014	chr22:33277119	G
2015	chr22:33277118	C
2016	chr22:33277117	C
2017	chr22:33277116	T
2018	chr22:33277115	C
2019	chr22:33277114	C
2020	chr22:33277113	A
2021	chr22:33277112	A
2022	chr22:33277111	A
2023	chr22:33277110	C
2024	chr22:33277109	A
2025	chr22:33277108	T
2026	chr22:33277107	C
2027	chr22:33277106	C
2028	chr22:33277105	G
2029	chr22:33277104	A
2030	chr22:33277103	A
2031	chr22:33277102	A
2032	chr22:33277101	C
2033	chr22:33277100	C
2034	chr22:33277099	G
2035	chr22:33277098	A
2036	chr22:33277097	C
2037	chr22:33277096	C
2038	chr22:33277095	T
2039	chr22:33277094	T
2040	chr22:33277093	G
2041	chr22:33277092	T
2042	chr22:33277091	T
2043	chr22:33277090	T
2044	chr22:33277089	C
2045	chr22:33277088	A
2046	chr22:33277087	C
2047	chr22:33277086	C
2048	chr22:33277085	G
2049	chr22:33277084	A
2050	chr22:33277083	G
2051	chr22:33277082	T
2052	chr22:33277081	A
2053	chr22:33277080	T
2054	chr22:33277079	A
2055	chr22:33277078	G
2056	chr22:33277077	T
2057	chr22:33277076	A
2058	chr22:33277075	C
2059	chr22:33277074	C
2060	chr22:33277073	T
2061	chr22:33277072	C
2062	chr22:33277071	G
2063	chr22:33277070	A
2064	chr22:33277069	C
2065	chr22:33277068	C
2066	chr22:33277067	T
2067	chr22:33277066	A
2068	chr22:33277065	C
2069	chr22:33277064	A
2070	chr22:33277063	C
2071	chr22:33277062	G
2072	chr22:33277061	T
2073	chr22:33277060	C
2074	chr22:33274624	C
2075	chr22:33274623	T
2076	chr22:33274622	C
2077	chr22:33274621	A
2078	chr22:33274620	T
2079	chr22:33274619	A
2080	chr22:33274618	C
2081	chr22:33274617	T
2082	chr22:33274616	C
2083	chr22:33274615	A
2084	chr22:33274614	A
2085	chr22:33274613	G
2086	chr22:33274612	T
2087	chr22:33274611	A
2088	chr22:33274610	A
2089	chr22:33274609	C
2090	chr22:33274608	A
2091	chr22:33274607	C
2092	chr22:33274606	G
2093	chr22:33274605	A
2094	chr22:33274604	C
2095	chr22:33274603	G
2096	chr22:33274602	G
2097	chr22:33274601	G
2098	chr22:33274600	T
2099	chr22:33274599	T
2100	chr22:33274598	G
2101	chr22:33274597	C
2102	chr22:33274596	G
2103	chr22:33274595	G
2104	chr22:33274594	A
2105	chr22:33274593	T
2106	chr22:33274592	G
2107	chr22:33274591	T
2108	chr22:33274590	A
2109	chr22:33274589	C
2110	chr22:33274588	T
2111	chr22:33274587	A
2112	chr22:33274586	G
2113	chr22:33274585	G
2114	chr22:33274584	T
2115	chr22:33274583	G
2116	chr22:33274582	T
2117	chr22:33274581	A
2118	chr22:33274580	C
2119	chr22:33274579	G
2120	chr22:33274578	G
2121	chr22:33274577	A
2122	chr22:33274576	G
2123	chr22:33274575	T
2124	chr22:33274574	A
2125	chr22:33274573	C
2126	chr22:33274572	G
2127	chr22:33274571	G
2128	chr22:33274570	G
2129	chr22:33274569	G
2130	chr22:33274568	G
2131	chr22:33274567	T
2132	chr22:33274566	C
2133	chr22:33274565	G
2134	chr22:33274564	A
2135	chr22:33274563	A
2136	chr22:33274562	G
2137	chr22:33274561	C
2138	chr22:33274560	T
2139	chr22:33274559	G
2140	chr22:33274558	T
2141	chr22:33274557	A
2142	chr22:33274556	A
2143	chr22:33274555	T
2144	chr22:33274554	G
2145	chr22:33274553	G
2146	chr22:33274552	T
2147	chr22:33274551	T
2148	chr22:33274550	C
2149	chr22:33274549	A
2150	chr22:33274548	A
2151	chr22:33274547	G
2152	chr22:33274546	G
2153	chr22:33274545	C
2154	chr22:33274544	A
2155	chr22:33274543	A
2156	chr22:33274542	G
2157	chr22:33274541	G
2158	chr22:33274540	T
2159	chr22:33274539	T
2160	chr22:33274538	G
2161	chr22:33274537	T
2162	chr22:33274536	T
2163	chr22:33274535	C
2164	chr22:33274534	G
2165	chr22:33274533	T
2166	chr22:33274532	T
2167	chr22:33274531	A
2168	chr22:33274530	T
2169	chr22:33274529	G
2170	chr22:33274528	G
2171	chr22:33274527	C
2172	chr22:33274526	G
2173	chr22:33274525	T
2174	chr22:33274524	A
2175	chr22:33274523	G
2176	chr22:33274522	A
2177	chr22:33274521	C
2178	chr22:33274520	A
2179	chr22:33274519	G
2180	chr22:33274518	A
2181	chr22:33274517	G
2182	chr22:33274516	T
2183	chr22:33274515	T
2184	chr22:33274514	T
2185	chr22:33274513	T
2186	chr22:33274512	G
2187	chr22:33274511	G
2188	chr22:33274510	G
2189	chr22:33274509	A
2190	chr22:33274508	G
2191	chr22:33274507	T
2192	chr22:33274506	T
2193	chr22:33274505	C
2194	chr22:33274504	C
2195	chr22:33274503	T
2196	chr22:33274502	T
2197	chr22:33274501	C
2198	chr22:33274500	T
2199	chr22:33274499	C
2200	chr22:33274498	A
2201	chr22:33274497	A
2202	chr22:33274496	A
2203	chr22:33274495	G
2204	chr22:33274494	T
2205	chr22:33274493	C
2206	chr22:33274492	G
2207	chr22:33274491	T
2208	chr22:33274490	C
2209	chr22:33274489	C
2210	chr22:33274488	T
2211	chr22:33274487	G
2212	chr22:33274486	T
2213	chr22:33274485	A
2214	chr22:33274484	C
2215	chr22:33274483	A
2216	chr22:33274482	G
2217	chr22:33274481	G
2218	chr22:33274480	G
2219	chr22:33274479	C
2220	chr22:33274478	G
2221	chr22:33274477	G
2222	chr22:33274476	C
2223	chr22:33274475	G
2224	chr22:33274474	A
2225	chr22:33274473	T
2226	chr22:33274472	G
2227	chr22:33274471	C
2228	chr22:33274470	C
2229	chr22:33274469	G
2230	chr22:33274468	A
2231	chr22:33274467	A
2232	chr22:33274466	A
2233	chr22:33274465	C
2234	chr22:33274464	G
2235	chr22:33274463	A
2236	chr22:33274462	C
2237	chr22:33274461	G
2238	chr22:33274460	G
2239	chr22:33274459	G
2240	chr22:33274458	A
2241	chr22:33274457	C
2242	chr22:33274456	T
2243	chr22:33274455	T
2244	chr22:33274454	T
2245	chr22:33274453	A
2246	chr22:33274452	T
2247	chr22:33274451	A
2248	chr22:33274450	G
2249	chr22:33274449	A
2250	chr22:33274448	G
2251	chr22:33274447	T
2252	chr22:33274446	G
2253	chr22:33274445	T
2254	chr22:33274444	C
2255	chr22:33274443	G
2256	chr22:33274442	G
2257	chr22:33274441	C
2258	chr22:33274440	T
2259	chr22:33274439	C
2260	chr22:33274438	T
2261	chr22:33274437	T
2262	chr22:33274436	G
2263	chr22:33274435	T
2264	chr22:33274434	T
2265	chr22:33274433	G
2266	chr22:33274432	T
2267	chr22:33274431	C
2268	chr22:33274430	G
2269	chr22:33274429	A
2270	chr22:33274428	T
2271	chr22:33274427	C
